i, j, number of events processed, number of events selected
0, 0, 56773, 150
1, 0, 56577, 117
2, 0, 56901, 137
3, 0, 56214, 127
4, 0, 56273, 124
5, 0, 56364, 125
6, 0, 56697, 141
7, 0, 56884, 102
8, 0, 56591, 144
9, 0, 56424, 116
10, 0, 56715, 136
11, 0, 56513, 129
13, 0, 56839, 129
12, 0, 56751, 150
14, 0, 56849, 113
15, 0, 56293, 137
16, 0, 56908, 124
17, 0, 56746, 128
18, 0, 56831, 121
19, 0, 56423, 131
20, 0, 56486, 120
21, 0, 56867, 116
22, 0, 56403, 110
23, 0, 56801, 115
24, 0, 56477, 121
25, 0, 56530, 134
26, 0, 56647, 108
27, 0, 56784, 135
28, 0, 56501, 129
29, 0, 56649, 125
31, 0, 56756, 126
30, 0, 56810, 113
33, 0, 56722, 111
32, 0, 57006, 124
34, 0, 56865, 111
35, 0, 56654, 115
36, 0, 56764, 113
37, 0, 56904, 125
38, 0, 56885, 126
39, 0, 56815, 116
40, 0, 56584, 126
41, 0, 56731, 116
42, 0, 56857, 109
43, 0, 56529, 103
44, 0, 56923, 130
45, 0, 56466, 133
46, 0, 56763, 126
47, 0, 56916, 136
48, 0, 56352, 124
49, 0, 57022, 129
50, 0, 56777, 141
51, 0, 56495, 116
52, 0, 56515, 128
53, 0, 57096, 106
54, 0, 56634, 131
55, 0, 56558, 119
56, 0, 56767, 119
59, 0, 56307, 115
58, 0, 56814, 118
57, 0, 57047, 133
60, 0, 56644, 135
61, 0, 56901, 114
62, 0, 56633, 112
63, 0, 56703, 107
64, 0, 56780, 150
65, 0, 57193, 122
66, 0, 56597, 122
67, 0, 57015, 111
68, 0, 56773, 129
69, 0, 56449, 124
70, 0, 56560, 125
71, 0, 56469, 129
72, 0, 56692, 135
73, 0, 56789, 146
74, 0, 56599, 112
75, 0, 56275, 139
77, 0, 56543, 124
76, 0, 56635, 122
78, 0, 56869, 98
79, 0, 56796, 97
80, 0, 56522, 118
82, 0, 56821, 124
81, 0, 56548, 124
83, 0, 56853, 114
84, 0, 56649, 125
85, 0, 57168, 121
86, 0, 56938, 125
87, 0, 56426, 118
88, 0, 57068, 134
89, 0, 56535, 134
90, 0, 56212, 120
91, 0, 56731, 138
92, 0, 56809, 123
93, 0, 56672, 117
94, 0, 56778, 140
96, 0, 56896, 148
95, 0, 56618, 124
97, 0, 56475, 153
98, 0, 56658, 109
99, 0, 56825, 134
100, 0, 56581, 111
102, 0, 56788, 133
101, 0, 56694, 133
103, 0, 56525, 93
104, 0, 56804, 125
105, 0, 56722, 117
106, 0, 56211, 125
107, 0, 56400, 148
108, 0, 56987, 110
109, 0, 56669, 137
110, 0, 56616, 107
113, 0, 56428, 135
112, 0, 57057, 111
111, 0, 56538, 130
114, 0, 56913, 142
115, 0, 56761, 120
116, 0, 56625, 132
117, 0, 56762, 122
118, 0, 56645, 127
119, 0, 56780, 123
120, 0, 56550, 137
121, 0, 57207, 124
122, 0, 56740, 119
123, 0, 57058, 128
124, 0, 56458, 112
125, 0, 57293, 120
126, 0, 56272, 136
127, 0, 56384, 130
128, 0, 56643, 123
129, 0, 57056, 121
131, 0, 56453, 113
133, 0, 56661, 115
132, 0, 56790, 138
134, 0, 56659, 132
130, 0, 56515, 119
135, 0, 56764, 102
136, 0, 56490, 137
137, 0, 56841, 141
138, 0, 56580, 142
139, 0, 56682, 102
140, 0, 56650, 143
143, 0, 56533, 127
142, 0, 56512, 122
141, 0, 56446, 120
145, 0, 56462, 99
144, 0, 56672, 119
146, 0, 56656, 97
147, 0, 56884, 132
148, 0, 56793, 134
149, 0, 56700, 138
150, 0, 56322, 118
151, 0, 56647, 113
152, 0, 56042, 114
153, 0, 57032, 102
154, 0, 56435, 128
155, 0, 56756, 118
156, 0, 56445, 114
157, 0, 57156, 108
158, 0, 56373, 111
159, 0, 56578, 130
160, 0, 56432, 153
161, 0, 56555, 137
162, 0, 56952, 105
163, 0, 56943, 137
164, 0, 56418, 130
165, 0, 56750, 153
166, 0, 55983, 120
167, 0, 56747, 123
168, 0, 56398, 120
169, 0, 56828, 125
170, 0, 56571, 128
171, 0, 56517, 130
172, 0, 56331, 130
173, 0, 56894, 112
174, 0, 56523, 125
175, 0, 56624, 140
176, 0, 56559, 125
178, 0, 56480, 133
177, 0, 56899, 156
179, 0, 56894, 133
180, 0, 56877, 117
181, 0, 56938, 116
182, 0, 56608, 141
183, 0, 56215, 109
184, 0, 56924, 117
185, 0, 56881, 123
186, 0, 56805, 107
187, 0, 56805, 129
188, 0, 56670, 123
189, 0, 56881, 111
190, 0, 56805, 128
191, 0, 56476, 107
192, 0, 56336, 122
193, 0, 56832, 133
194, 0, 56348, 114
195, 0, 56835, 137
196, 0, 56392, 124
197, 0, 56245, 118
198, 0, 56744, 141
199, 0, 56552, 132
200, 0, 56701, 113
201, 0, 56977, 150
202, 0, 56699, 124
203, 0, 56419, 122
204, 0, 56896, 143
205, 0, 56478, 122
206, 0, 56688, 122
207, 0, 56899, 133
208, 0, 56861, 127
209, 0, 56547, 134
210, 0, 56987, 154
211, 0, 56445, 121
212, 0, 56894, 120
213, 0, 56755, 136
214, 0, 55988, 134
215, 0, 56680, 119
216, 0, 56513, 136
217, 0, 56367, 123
218, 0, 57325, 120
219, 0, 56758, 136
220, 0, 56614, 124
221, 0, 56601, 149
223, 0, 56773, 114
222, 0, 56340, 117
224, 0, 56848, 130
225, 0, 56506, 127
226, 0, 56294, 102
227, 0, 56523, 132
228, 0, 56738, 124
229, 0, 57037, 119
230, 0, 56673, 133
232, 0, 56536, 129
231, 0, 56847, 136
233, 0, 56717, 140
234, 0, 57062, 117
235, 0, 56690, 125
236, 0, 56630, 129
237, 0, 56489, 120
238, 0, 56416, 118
239, 0, 56375, 134
240, 0, 57023, 132
241, 0, 56381, 142
242, 0, 56532, 120
243, 0, 56817, 131
244, 0, 56455, 105
245, 0, 56697, 122
247, 0, 56964, 99
246, 0, 56216, 113
248, 0, 56845, 128
249, 0, 56606, 129
250, 0, 56675, 131
251, 0, 56927, 147
252, 0, 56645, 130
253, 0, 57037, 129
254, 0, 56668, 136
255, 0, 56478, 139
256, 0, 56684, 138
257, 0, 56850, 123
258, 0, 56674, 132
259, 0, 56578, 125
260, 0, 56732, 143
261, 0, 56606, 129
262, 0, 56549, 114
263, 0, 56590, 116
264, 0, 56814, 127
265, 0, 56144, 116
266, 0, 56755, 124
267, 0, 56616, 128
268, 0, 56663, 129
269, 0, 56368, 136
270, 0, 56763, 127
271, 0, 56833, 140
272, 0, 57007, 117
273, 0, 56686, 115
274, 0, 56494, 111
275, 0, 56862, 128
276, 0, 56704, 138
277, 0, 57318, 143
278, 0, 56671, 131
279, 0, 56860, 134
280, 0, 56704, 110
281, 0, 56516, 112
282, 0, 56998, 108
283, 0, 56674, 133
284, 0, 56735, 111
285, 0, 56655, 123
287, 0, 56963, 139
288, 0, 56984, 119
286, 0, 56970, 133
289, 0, 56454, 97
291, 0, 56992, 122
290, 0, 56726, 132
292, 0, 57213, 141
293, 0, 57139, 122
295, 0, 56480, 117
294, 0, 57146, 114
296, 0, 56416, 134
297, 0, 56864, 146
298, 0, 56622, 129
299, 0, 56703, 130
300, 0, 57111, 129
301, 0, 56729, 137
302, 0, 56798, 124
303, 0, 57369, 114
304, 0, 56555, 120
305, 0, 56691, 126
306, 0, 56229, 115
307, 0, 56739, 121
308, 0, 56613, 130
310, 0, 56772, 135
309, 0, 57047, 136
311, 0, 56569, 104
312, 0, 57008, 143
313, 0, 56598, 139
314, 0, 56390, 133
315, 0, 56532, 138
316, 0, 57049, 123
317, 0, 56727, 126
318, 0, 56227, 114
319, 0, 57052, 135
321, 0, 56828, 131
320, 0, 56735, 134
322, 0, 56636, 139
323, 0, 56106, 123
324, 0, 56969, 139
325, 0, 56600, 136
326, 0, 56221, 123
327, 0, 56676, 113
328, 0, 56224, 117
329, 0, 57004, 135
330, 0, 56572, 120
331, 0, 56281, 135
332, 0, 56140, 109
333, 0, 56768, 138
334, 0, 56751, 113
335, 0, 56683, 151
336, 0, 56691, 125
338, 0, 56964, 125
337, 0, 56795, 135
339, 0, 56522, 106
340, 0, 56672, 145
341, 0, 56635, 137
342, 0, 56762, 131
343, 0, 56593, 123
344, 0, 56694, 130
345, 0, 56338, 126
346, 0, 56413, 122
347, 0, 56611, 121
348, 0, 56922, 105
349, 0, 56618, 112
350, 0, 56781, 131
351, 0, 56698, 123
352, 0, 56633, 105
353, 0, 56904, 122
354, 0, 56503, 128
355, 0, 56319, 138
356, 0, 56288, 115
357, 0, 56843, 126
358, 0, 56422, 127
359, 0, 56577, 117
360, 0, 56841, 132
361, 0, 56526, 128
362, 0, 56488, 114
363, 0, 56939, 128
364, 0, 56425, 118
365, 0, 56616, 116
366, 0, 56419, 129
367, 0, 56950, 134
368, 0, 56669, 111
369, 0, 56607, 108
370, 0, 56651, 141
371, 0, 56444, 117
373, 0, 56618, 130
372, 0, 56594, 133
374, 0, 56621, 122
375, 0, 56869, 125
376, 0, 56620, 124
377, 0, 56625, 146
378, 0, 56822, 130
379, 0, 56375, 108
380, 0, 56421, 121
381, 0, 56494, 133
382, 0, 56534, 105
383, 0, 56444, 120
384, 0, 56194, 111
385, 0, 56766, 126
386, 0, 56617, 142
387, 0, 56863, 136
388, 0, 56588, 112
389, 0, 56862, 110
390, 0, 56650, 138
391, 0, 56543, 134
392, 0, 56577, 125
393, 0, 56604, 136
394, 0, 56611, 110
395, 0, 56409, 145
396, 0, 56748, 136
397, 0, 56326, 136
398, 0, 56632, 127
399, 0, 56558, 106
400, 0, 57114, 118
401, 0, 56742, 116
402, 0, 56787, 119
403, 0, 56227, 122
404, 0, 56604, 118
405, 0, 56719, 112
406, 0, 56916, 136
407, 0, 56490, 130
408, 0, 56503, 121
409, 0, 56802, 125
410, 0, 56593, 115
411, 0, 56315, 127
412, 0, 56666, 101
413, 0, 56463, 115
414, 0, 56730, 114
415, 0, 56926, 146
416, 0, 56823, 141
417, 0, 56940, 125
418, 0, 56772, 115
419, 0, 56724, 115
420, 0, 56334, 121
421, 0, 56484, 116
422, 0, 56929, 134
423, 0, 56313, 174
424, 0, 56650, 141
425, 0, 56546, 128
426, 0, 56475, 113
427, 0, 56186, 124
428, 0, 56837, 127
429, 0, 56812, 147
430, 0, 56894, 109
431, 0, 56444, 126
432, 0, 56871, 129
433, 0, 56899, 115
434, 0, 56442, 116
435, 0, 56285, 105
436, 0, 56509, 107
437, 0, 56762, 115
438, 0, 56925, 120
439, 0, 56689, 140
441, 0, 56792, 117
440, 0, 56280, 98
442, 0, 56701, 126
443, 0, 56722, 137
444, 0, 56728, 118
445, 0, 56396, 135
446, 0, 56525, 124
447, 0, 56634, 129
448, 0, 56458, 107
449, 0, 56499, 126
450, 0, 56825, 142
451, 0, 56817, 131
452, 0, 56263, 139
453, 0, 56652, 125
454, 0, 56839, 136
455, 0, 56662, 129
456, 0, 56549, 125
457, 0, 56484, 118
458, 0, 56920, 103
459, 0, 56607, 138
460, 0, 56860, 116
461, 0, 57022, 143
462, 0, 56601, 107
463, 0, 56765, 110
464, 0, 56696, 127
465, 0, 56471, 109
466, 0, 56465, 116
467, 0, 56426, 123
468, 0, 56401, 132
469, 0, 56378, 132
470, 0, 56543, 115
471, 0, 56542, 144
472, 0, 56564, 107
473, 0, 56422, 134
474, 0, 56759, 132
475, 0, 56784, 123
476, 0, 56462, 99
477, 0, 56604, 150
478, 0, 56423, 119
479, 0, 56773, 123
480, 0, 56526, 123
481, 0, 57541, 123
482, 0, 56531, 132
484, 0, 56310, 134
483, 0, 56729, 133
485, 0, 56960, 120
486, 0, 57033, 144
487, 0, 56456, 132
488, 0, 57111, 122
489, 0, 56555, 137
490, 0, 56466, 116
491, 0, 56150, 121
492, 0, 56626, 117
493, 0, 57042, 103
494, 0, 56733, 120
495, 0, 56582, 133
496, 0, 56940, 128
497, 0, 56965, 143
498, 0, 56780, 125
499, 0, 56465, 127
500, 0, 56703, 118
501, 0, 56767, 125
502, 0, 56937, 144
503, 0, 56647, 131
504, 0, 56360, 114
505, 0, 56276, 132
506, 0, 56555, 126
507, 0, 56371, 142
508, 0, 56719, 133
509, 0, 56225, 133
510, 0, 57112, 106
511, 0, 56351, 113
512, 0, 56538, 125
513, 0, 56675, 136
514, 0, 56015, 121
515, 0, 56682, 112
516, 0, 56753, 132
517, 0, 56735, 118
518, 0, 56600, 125
519, 0, 56428, 137
520, 0, 56559, 123
521, 0, 56604, 134
522, 0, 56617, 130
523, 0, 56642, 131
524, 0, 56992, 125
525, 0, 57049, 129
526, 0, 56742, 138
532, 0, 56237, 129
527, 0, 56759, 143
529, 0, 56517, 122
531, 0, 56654, 142
537, 0, 56568, 122
530, 0, 56523, 134
533, 0, 56776, 124
528, 0, 56768, 122
534, 0, 56940, 144
535, 0, 56768, 135
536, 0, 56805, 121
538, 0, 56878, 133
539, 0, 56388, 120
540, 0, 57060, 140
541, 0, 56496, 117
542, 0, 56629, 130
543, 0, 56656, 117
544, 0, 56887, 138
545, 0, 56463, 154
546, 0, 56978, 116
547, 0, 56227, 132
548, 0, 57114, 129
549, 0, 56322, 96
550, 0, 56789, 121
551, 0, 56865, 126
552, 0, 56759, 104
553, 0, 56679, 122
554, 0, 56723, 108
555, 0, 56421, 117
556, 0, 56669, 122
557, 0, 56536, 134
558, 0, 56877, 144
559, 0, 56597, 136
560, 0, 57020, 115
561, 0, 56623, 146
562, 0, 57074, 132
563, 0, 56799, 115
564, 0, 56484, 121
565, 0, 56630, 119
566, 0, 56862, 133
567, 0, 56588, 123
568, 0, 56408, 127
569, 0, 56791, 112
570, 0, 56601, 111
571, 0, 56240, 141
572, 0, 56762, 117
573, 0, 56815, 139
574, 0, 56843, 124
575, 0, 56618, 118
576, 0, 56300, 124
577, 0, 57020, 105
578, 0, 56611, 123
579, 0, 57111, 117
580, 0, 56889, 122
581, 0, 56352, 124
582, 0, 56679, 117
583, 0, 56613, 165
584, 0, 56554, 115
585, 0, 56597, 124
586, 0, 56399, 141
587, 0, 56980, 118
588, 0, 56663, 124
589, 0, 56388, 137
590, 0, 56562, 137
591, 0, 56454, 125
592, 0, 56655, 126
593, 0, 56717, 125
594, 0, 56425, 131
595, 0, 56634, 106
596, 0, 56839, 104
597, 0, 56684, 124
598, 0, 56560, 109
599, 0, 56773, 111
600, 0, 56863, 127
601, 0, 56753, 125
602, 0, 56269, 131
604, 0, 56829, 115
603, 0, 56639, 135
605, 0, 56328, 118
606, 0, 56016, 129
607, 0, 56340, 111
608, 0, 56622, 122
609, 0, 56664, 124
610, 0, 56942, 135
611, 0, 56027, 122
612, 0, 56361, 133
613, 0, 56493, 116
614, 0, 56047, 117
615, 0, 57144, 121
616, 0, 57126, 128
617, 0, 56486, 122
618, 0, 56860, 112
619, 0, 56808, 118
620, 0, 56864, 129
621, 0, 56762, 135
622, 0, 56673, 128
624, 0, 56703, 111
623, 0, 56615, 131
625, 0, 56681, 135
626, 0, 56855, 121
627, 0, 56663, 109
628, 0, 56976, 135
629, 0, 56578, 152
630, 0, 56807, 113
631, 0, 56744, 108
632, 0, 56247, 117
633, 0, 56799, 112
634, 0, 56733, 123
635, 0, 56389, 120
636, 0, 56642, 133
637, 0, 56271, 124
638, 0, 56489, 124
639, 0, 56451, 122
641, 0, 56973, 125
640, 0, 56691, 137
642, 0, 56606, 129
643, 0, 56492, 121
644, 0, 56728, 133
645, 0, 56649, 138
646, 0, 56466, 128
647, 0, 56615, 129
648, 0, 56591, 109
649, 0, 57045, 137
650, 0, 56098, 144
652, 0, 56622, 128
651, 0, 56724, 122
653, 0, 56611, 123
654, 0, 56522, 147
655, 0, 56775, 104
656, 0, 56795, 125
657, 0, 56650, 155
658, 0, 56290, 116
659, 0, 56801, 131
660, 0, 56880, 122
661, 0, 56928, 120
662, 0, 56148, 128
663, 0, 56681, 127
664, 0, 56443, 119
665, 0, 56433, 113
667, 0, 56657, 124
666, 0, 56873, 134
668, 0, 56583, 129
669, 0, 56908, 129
670, 0, 56614, 115
671, 0, 56856, 124
672, 0, 56619, 128
673, 0, 56975, 120
674, 0, 56310, 134
675, 0, 56813, 123
676, 0, 56647, 124
677, 0, 56458, 112
678, 0, 56586, 121
679, 0, 57051, 157
681, 0, 56487, 123
682, 0, 56584, 111
680, 0, 56911, 127
683, 0, 56917, 118
684, 0, 56491, 138
685, 0, 57293, 120
686, 0, 56615, 112
687, 0, 56722, 108
688, 0, 56495, 132
689, 0, 56177, 121
690, 0, 56132, 149
691, 0, 56300, 118
692, 0, 56661, 124
693, 0, 56779, 117
694, 0, 56685, 143
695, 0, 56981, 137
696, 0, 57058, 127
697, 0, 56659, 116
698, 0, 56733, 129
699, 0, 56437, 126
700, 0, 56449, 155
701, 0, 56690, 110
702, 0, 56890, 114
703, 0, 56492, 126
705, 0, 56897, 126
704, 0, 56818, 117
706, 0, 55985, 97
707, 0, 56813, 115
708, 0, 56528, 134
709, 0, 56554, 115
710, 0, 56719, 107
711, 0, 56852, 97
712, 0, 56599, 119
713, 0, 56542, 141
714, 0, 56721, 114
715, 0, 56666, 126
716, 0, 56424, 135
717, 0, 56840, 115
718, 0, 56623, 146
719, 0, 57019, 130
720, 0, 56264, 117
721, 0, 56321, 119
722, 0, 56722, 134
723, 0, 56851, 126
724, 0, 56699, 114
725, 0, 56306, 113
726, 0, 56788, 117
727, 0, 56569, 144
728, 0, 56541, 119
729, 0, 56793, 145
730, 0, 56515, 132
731, 0, 56819, 107
732, 0, 56857, 113
733, 0, 56275, 112
735, 0, 56300, 109
734, 0, 56681, 143
736, 0, 57103, 130
737, 0, 56026, 122
738, 0, 56719, 127
740, 0, 56500, 118
739, 0, 56789, 135
741, 0, 56931, 124
742, 0, 57009, 137
743, 0, 56523, 137
744, 0, 56240, 141
745, 0, 56598, 124
746, 0, 56701, 112
747, 0, 56350, 124
748, 0, 56269, 120
749, 0, 56644, 125
750, 0, 56597, 154
751, 0, 56725, 118
752, 0, 56546, 135
753, 0, 57102, 124
754, 0, 57248, 124
755, 0, 56312, 110
756, 0, 56580, 120
758, 0, 56834, 120
757, 0, 56643, 138
759, 0, 56730, 120
760, 0, 56904, 124
761, 0, 56782, 124
762, 0, 56562, 140
763, 0, 56661, 130
764, 0, 57032, 108
765, 0, 56361, 121
766, 0, 56642, 120
767, 0, 56427, 97
768, 0, 56611, 123
769, 0, 56722, 112
770, 0, 56656, 117
771, 0, 56886, 130
772, 0, 57002, 120
773, 0, 56802, 117
774, 0, 56557, 131
775, 0, 56825, 116
776, 0, 56736, 103
779, 0, 56702, 117
777, 0, 56792, 130
778, 0, 56489, 125
780, 0, 56578, 93
781, 0, 56910, 128
783, 0, 56554, 123
782, 0, 56119, 138
784, 0, 56396, 121
785, 0, 56685, 143
786, 0, 56755, 129
787, 0, 56489, 119
788, 0, 56782, 103
790, 0, 56781, 101
789, 0, 56374, 132
792, 0, 57323, 126
791, 0, 56816, 120
793, 0, 56954, 146
794, 0, 56637, 100
795, 0, 56636, 132
796, 0, 56612, 125
797, 0, 56965, 109
798, 0, 56357, 118
799, 0, 56422, 125
800, 0, 56911, 123
801, 0, 57001, 127
802, 0, 56830, 114
803, 0, 56836, 122
804, 0, 56622, 124
805, 0, 56327, 111
806, 0, 57175, 134
807, 0, 56712, 125
808, 0, 56614, 126
809, 0, 56226, 108
811, 0, 56732, 132
810, 0, 56593, 136
812, 0, 56601, 141
813, 0, 56865, 140
814, 0, 56418, 126
815, 0, 56456, 134
816, 0, 56730, 94
817, 0, 56445, 118
819, 0, 56213, 100
818, 0, 56160, 138
820, 0, 56731, 123
821, 0, 56684, 128
822, 0, 56847, 135
823, 0, 56423, 108
824, 0, 56679, 118
825, 0, 56602, 129
827, 0, 57139, 122
826, 0, 56600, 102
828, 0, 56407, 122
829, 0, 56456, 102
830, 0, 56608, 120
832, 0, 56720, 131
831, 0, 56707, 134
833, 0, 56305, 114
834, 0, 56790, 115
835, 0, 56575, 130
836, 0, 56471, 128
837, 0, 56695, 116
838, 0, 56627, 107
839, 0, 56702, 127
840, 0, 56840, 122
841, 0, 56629, 133
842, 0, 56281, 135
845, 0, 56451, 126
844, 0, 56613, 114
843, 0, 57146, 141
846, 0, 56218, 131
847, 0, 56300, 115
848, 0, 56366, 123
849, 0, 56670, 123
850, 0, 56733, 128
851, 0, 56371, 105
852, 0, 56684, 140
853, 0, 57023, 124
854, 0, 56499, 116
855, 0, 56265, 116
856, 0, 56913, 130
857, 0, 56847, 125
858, 0, 56726, 123
859, 0, 57003, 124
861, 0, 56219, 117
860, 0, 56668, 111
863, 0, 56077, 141
862, 0, 56630, 107
864, 0, 56592, 115
865, 0, 56772, 122
866, 0, 56472, 146
867, 0, 56164, 111
868, 0, 56870, 126
869, 0, 56855, 126
870, 0, 56325, 117
872, 0, 56829, 119
871, 0, 56795, 113
873, 0, 56561, 131
874, 0, 56884, 132
875, 0, 56711, 122
877, 0, 56593, 120
876, 0, 56490, 121
878, 0, 56958, 128
879, 0, 56485, 134
880, 0, 56908, 126
881, 0, 56797, 128
882, 0, 56732, 126
883, 0, 56728, 111
884, 0, 56782, 127
885, 0, 57006, 89
886, 0, 57095, 126
887, 0, 56736, 144
888, 0, 56763, 156
889, 0, 56255, 116
890, 0, 56638, 144
891, 0, 56694, 121
892, 0, 56957, 133
893, 0, 57014, 131
894, 0, 56717, 121
895, 0, 56847, 145
896, 0, 56996, 110
897, 0, 56139, 121
898, 0, 56328, 153
899, 0, 57157, 118
900, 0, 56862, 122
901, 0, 56913, 147
902, 0, 56890, 117
903, 0, 56392, 121
905, 0, 56556, 131
904, 0, 56868, 136
906, 0, 56553, 108
907, 0, 56591, 125
908, 0, 56644, 121
909, 0, 57053, 137
910, 0, 56544, 106
911, 0, 56613, 126
912, 0, 56399, 118
913, 0, 56455, 110
914, 0, 56932, 144
915, 0, 56437, 134
916, 0, 56721, 118
917, 0, 56505, 117
918, 0, 57056, 131
919, 0, 56700, 133
921, 0, 56508, 122
920, 0, 56760, 125
922, 0, 56827, 118
923, 0, 56500, 121
924, 0, 56154, 129
925, 0, 56431, 118
926, 0, 56410, 116
928, 0, 56864, 127
927, 0, 56690, 142
929, 0, 56467, 125
930, 0, 56812, 134
931, 0, 56761, 127
932, 0, 56573, 99
933, 0, 56769, 148
934, 0, 56803, 112
935, 0, 56355, 136
936, 0, 56467, 128
937, 0, 56333, 132
938, 0, 56784, 109
939, 0, 56911, 110
941, 0, 56957, 111
940, 0, 56822, 142
942, 0, 56684, 117
943, 0, 56389, 123
944, 0, 56674, 124
947, 0, 56722, 110
946, 0, 56302, 115
945, 0, 57052, 136
948, 0, 56575, 153
949, 0, 56715, 120
950, 0, 56588, 130
951, 0, 56537, 103
952, 0, 56466, 132
953, 0, 56837, 113
954, 0, 56968, 115
955, 0, 56076, 119
957, 0, 56179, 132
956, 0, 56676, 126
958, 0, 56869, 112
961, 0, 56671, 132
960, 0, 56832, 130
959, 0, 56349, 131
962, 0, 56731, 138
963, 0, 56736, 146
964, 0, 56814, 114
965, 0, 56423, 126
966, 0, 56115, 127
967, 0, 56634, 125
968, 0, 56834, 129
969, 0, 56267, 135
970, 0, 56895, 131
971, 0, 56793, 110
972, 0, 56819, 121
973, 0, 56575, 100
974, 0, 56807, 139
975, 0, 56231, 137
976, 0, 56328, 118
977, 0, 56838, 145
978, 0, 56638, 108
979, 0, 57114, 132
980, 0, 56361, 133
981, 0, 56771, 110
982, 0, 56933, 132
983, 0, 56232, 134
984, 0, 56614, 116
985, 0, 56843, 127
986, 0, 56011, 128
987, 0, 56320, 138
988, 0, 56065, 129
989, 0, 56797, 123
990, 0, 56773, 106
991, 0, 56710, 131
992, 0, 56549, 131
993, 0, 57027, 115
994, 0, 56906, 141
995, 0, 56405, 120
996, 0, 56540, 124
997, 0, 56820, 112
998, 0, 56922, 105
999, 0, 56548, 125
1001, 0, 56487, 105
1000, 0, 56924, 123
1002, 0, 56637, 118
1004, 0, 56991, 125
1003, 0, 56942, 113
1005, 0, 56828, 124
1006, 0, 56659, 123
1007, 0, 56839, 133
1009, 0, 56509, 114
1008, 0, 56793, 115
1010, 0, 56682, 134
1011, 0, 56284, 131
1012, 0, 56336, 133
1013, 0, 56626, 116
1014, 0, 56722, 109
1015, 0, 57069, 113
1016, 0, 56192, 108
1017, 0, 56615, 134
1018, 0, 56911, 110
1019, 0, 56786, 110
1020, 0, 56691, 126
1021, 0, 56694, 116
1022, 0, 56026, 148
1023, 0, 56848, 125
1024, 0, 56853, 127
1025, 0, 56613, 114
1026, 0, 56170, 133
1027, 0, 56592, 135
1028, 0, 57157, 105
1030, 0, 56619, 129
1031, 0, 56734, 152
1029, 0, 56773, 149
1032, 0, 56648, 133
1033, 0, 56607, 104
1034, 0, 56532, 114
1035, 0, 56492, 113
1036, 0, 56994, 120
1037, 0, 56527, 109
1038, 0, 56586, 122
1039, 0, 56481, 125
1040, 0, 56819, 131
1041, 0, 56462, 127
1042, 0, 56732, 122
1043, 0, 56558, 123
1044, 0, 56717, 111
1045, 0, 56586, 117
1046, 0, 56438, 119
1047, 0, 56627, 113
1048, 0, 56995, 130
1049, 0, 56462, 142
1050, 0, 56999, 116
1051, 0, 56190, 130
1052, 0, 56672, 126
1053, 0, 56933, 126
1054, 0, 56288, 120
1055, 0, 56529, 142
1056, 0, 56647, 127
1057, 0, 56637, 114
1058, 0, 56705, 141
1059, 0, 56529, 144
1060, 0, 56719, 119
1061, 0, 56609, 119
1062, 0, 56319, 115
1063, 0, 56999, 121
1064, 0, 56915, 125
1065, 0, 56853, 148
1066, 0, 56314, 103
1067, 0, 56555, 122
1068, 0, 56719, 133
1069, 0, 56783, 125
1070, 0, 56502, 123
1071, 0, 56373, 125
1072, 0, 56520, 111
1073, 0, 56251, 140
1074, 0, 56673, 138
1075, 0, 56949, 126
1076, 0, 56795, 131
1077, 0, 56617, 107
1080, 0, 57080, 126
1078, 0, 56823, 129
1079, 0, 56766, 120
1081, 0, 56817, 124
1082, 0, 56864, 117
1083, 0, 57214, 127
1084, 0, 56243, 131
1085, 0, 56765, 121
1086, 0, 56591, 121
1087, 0, 56697, 116
1089, 0, 56690, 143
1088, 0, 56513, 138
1090, 0, 56211, 114
1091, 0, 56035, 118
1092, 0, 56665, 135
1093, 0, 56771, 123
1094, 0, 56837, 133
1095, 0, 56925, 120
1096, 0, 56869, 104
1097, 0, 56839, 122
1098, 0, 56927, 126
1099, 0, 56690, 124
1100, 0, 56797, 122
1101, 0, 56730, 110
1102, 0, 56536, 144
1103, 0, 56784, 138
1104, 0, 56957, 126
1105, 0, 56853, 141
1106, 0, 56654, 131
1107, 0, 56409, 140
1108, 0, 56413, 134
1109, 0, 57010, 129
1110, 0, 56757, 148
1111, 0, 56887, 132
1112, 0, 56589, 113
1113, 0, 56763, 137
1114, 0, 56595, 122
1115, 0, 56742, 138
1116, 0, 56585, 142
1117, 0, 56792, 114
1118, 0, 57072, 144
1119, 0, 56456, 142
1120, 0, 56125, 122
1121, 0, 57043, 126
1122, 0, 56876, 120
1123, 0, 56596, 122
1124, 0, 56635, 109
1125, 0, 56505, 122
1126, 0, 56797, 108
1127, 0, 56471, 123
1128, 0, 56346, 100
1129, 0, 56624, 140
1130, 0, 56654, 130
1131, 0, 56506, 129
1133, 0, 56348, 119
1132, 0, 56125, 112
1134, 0, 56338, 131
1135, 0, 56846, 129
1136, 0, 56140, 107
1137, 0, 56452, 125
1138, 0, 56901, 104
1139, 0, 56969, 122
1140, 0, 56704, 129
1142, 0, 56431, 116
1141, 0, 56979, 137
1143, 0, 56168, 119
1144, 0, 56535, 117
1145, 0, 56515, 119
1146, 0, 56819, 133
1147, 0, 56957, 123
1148, 0, 56361, 133
1149, 0, 56620, 138
1151, 0, 56757, 106
1150, 0, 57220, 131
1152, 0, 56728, 126
1153, 0, 56322, 107
1154, 0, 57180, 132
1155, 0, 56774, 123
1156, 0, 56405, 114
1157, 0, 56826, 135
1158, 0, 56545, 110
1159, 0, 56859, 125
1160, 0, 56362, 134
1161, 0, 56635, 137
1162, 0, 56477, 136
1163, 0, 56522, 100
1164, 0, 56596, 99
1165, 0, 56755, 118
1167, 0, 56742, 117
1166, 0, 56410, 134
1168, 0, 56777, 134
1170, 0, 56951, 116
1169, 0, 56877, 132
1171, 0, 56965, 118
1172, 0, 57256, 110
1173, 0, 57146, 140
1174, 0, 56690, 100
1175, 0, 56769, 138
1176, 0, 56712, 113
1177, 0, 56610, 151
1178, 0, 56904, 134
1179, 0, 56352, 128
1180, 0, 56870, 125
1181, 0, 56595, 130
1182, 0, 56681, 126
1183, 0, 56689, 140
1184, 0, 56634, 129
1186, 0, 56709, 118
1185, 0, 56489, 142
1187, 0, 56749, 105
1188, 0, 57150, 132
1189, 0, 56849, 129
1190, 0, 57069, 121
1191, 0, 56392, 115
1192, 0, 56375, 112
1193, 0, 56601, 135
1194, 0, 56849, 129
1195, 0, 56693, 110
1196, 0, 56665, 137
1197, 0, 56373, 127
1198, 0, 56807, 123
1199, 0, 56379, 127
1200, 0, 56721, 113
1201, 0, 56915, 132
1202, 0, 56431, 114
1203, 0, 56524, 109
1204, 0, 56855, 123
1205, 0, 56709, 123
1206, 0, 56813, 109
1208, 0, 56689, 128
1207, 0, 57227, 116
1209, 0, 56803, 137
1210, 0, 56755, 126
1211, 0, 56444, 111
1212, 0, 56403, 139
1213, 0, 56828, 124
1214, 0, 56874, 115
1215, 0, 56755, 131
1216, 0, 56918, 117
1217, 0, 56676, 133
1218, 0, 56670, 121
1219, 0, 56773, 127
1221, 0, 56871, 129
1220, 0, 56614, 138
1222, 0, 56217, 133
1224, 0, 56522, 124
1223, 0, 56283, 123
1225, 0, 56750, 121
1226, 0, 56314, 102
1228, 0, 56831, 136
1227, 0, 56840, 112
1229, 0, 56462, 111
1230, 0, 56637, 142
1231, 0, 56881, 111
1232, 0, 56684, 127
1233, 0, 56915, 113
1234, 0, 56580, 112
1235, 0, 56645, 121
1236, 0, 56909, 127
1237, 0, 56605, 123
1238, 0, 57050, 118
1239, 0, 57133, 125
1240, 0, 56387, 108
1241, 0, 56701, 139
1242, 0, 56496, 138
1244, 0, 56565, 128
1243, 0, 56474, 133
1245, 0, 57109, 128
1246, 0, 56759, 103
1247, 0, 56552, 122
1248, 0, 57069, 141
1249, 0, 56496, 127
1250, 0, 56268, 113
1251, 0, 56686, 109
1252, 0, 56702, 121
1253, 0, 56547, 121
1254, 0, 56885, 115
1255, 0, 56630, 107
1256, 0, 57148, 120
1257, 0, 57112, 144
1258, 0, 56732, 140
1259, 0, 56288, 105
1260, 0, 56255, 109
1261, 0, 56468, 120
1262, 0, 56468, 136
1263, 0, 56264, 124
1265, 0, 56524, 143
1264, 0, 56539, 145
1267, 0, 56801, 128
1266, 0, 56527, 118
1269, 0, 56948, 131
1268, 0, 56237, 143
1270, 0, 56779, 130
1271, 0, 56525, 123
1272, 0, 56575, 145
1274, 0, 57188, 108
1273, 0, 56924, 117
1275, 0, 56626, 116
1276, 0, 56687, 123
1277, 0, 56796, 131
1278, 0, 56869, 124
1279, 0, 56312, 137
1280, 0, 56371, 117
1281, 0, 56169, 121
1282, 0, 56846, 103
1283, 0, 56749, 124
1284, 0, 56334, 122
1286, 0, 56820, 127
1285, 0, 56719, 147
1287, 0, 56342, 130
1288, 0, 56876, 128
1289, 0, 56625, 113
1290, 0, 56524, 113
1291, 0, 56673, 126
1292, 0, 56722, 112
1293, 0, 56431, 114
1294, 0, 56537, 116
1295, 0, 56843, 133
1296, 0, 56761, 135
1297, 0, 57137, 124
1298, 0, 56890, 131
1299, 0, 57048, 116
1300, 0, 56578, 123
1301, 0, 56833, 110
1302, 0, 56599, 120
1303, 0, 56693, 103
1304, 0, 56450, 126
1305, 0, 56816, 150
1306, 0, 56634, 103
1307, 0, 56512, 128
1308, 0, 56557, 132
1310, 0, 56659, 117
1309, 0, 57204, 128
1311, 0, 56585, 142
1312, 0, 56679, 104
1313, 0, 56888, 114
1315, 0, 56926, 121
1314, 0, 56951, 131
1316, 0, 56202, 115
1317, 0, 56598, 125
1318, 0, 56784, 99
1319, 0, 56655, 121
1320, 0, 57144, 115
1321, 0, 56589, 135
1322, 0, 56696, 127
1323, 0, 57285, 125
1324, 0, 56791, 110
1325, 0, 56527, 129
1326, 0, 56440, 118
1327, 0, 56811, 112
1328, 0, 56623, 114
1329, 0, 56945, 134
1330, 0, 56623, 128
1331, 0, 56732, 134
1332, 0, 56814, 150
1333, 0, 56914, 107
1334, 0, 56711, 130
1335, 0, 56749, 128
1336, 0, 56777, 105
1338, 0, 57141, 130
1337, 0, 56573, 127
1339, 0, 56349, 113
1340, 0, 56372, 123
1341, 0, 57202, 127
1342, 0, 56781, 108
1343, 0, 56647, 118
1344, 0, 56507, 113
1345, 0, 57042, 105
1346, 0, 56763, 128
1347, 0, 56515, 152
1348, 0, 56630, 132
1349, 0, 56629, 126
1350, 0, 56473, 152
1351, 0, 56427, 111
1352, 0, 56160, 110
1353, 0, 56563, 117
1354, 0, 56787, 123
1355, 0, 56461, 121
1356, 0, 56776, 138
1358, 0, 56694, 111
1357, 0, 56623, 114
1359, 0, 56298, 125
1360, 0, 56287, 125
1362, 0, 56642, 123
1361, 0, 56502, 114
1363, 0, 56402, 131
1364, 0, 56674, 114
1365, 0, 56746, 126
1366, 0, 56674, 129
1367, 0, 57098, 139
1368, 0, 56381, 116
1369, 0, 56212, 125
1370, 0, 56396, 121
1371, 0, 56962, 128
1372, 0, 56380, 120
1373, 0, 56760, 150
1374, 0, 56582, 124
1375, 0, 56144, 120
1376, 0, 56774, 107
1378, 0, 56905, 112
1379, 0, 56895, 120
1377, 0, 56853, 141
1380, 0, 56749, 132
1381, 0, 56299, 129
1382, 0, 56880, 122
1383, 0, 57046, 141
1384, 0, 56721, 114
1386, 0, 56236, 97
1385, 0, 56781, 128
1387, 0, 56525, 114
1389, 0, 56742, 139
1388, 0, 56678, 131
1390, 0, 56924, 122
1391, 0, 56859, 145
1392, 0, 56477, 121
1393, 0, 56716, 130
1394, 0, 56919, 143
1395, 0, 56789, 123
1397, 0, 56717, 111
1396, 0, 57047, 109
1398, 0, 56409, 129
1399, 0, 56478, 132
1400, 0, 56544, 121
1401, 0, 56611, 110
1402, 0, 56536, 133
1403, 0, 56462, 109
1404, 0, 56417, 121
1405, 0, 56604, 118
1406, 0, 56553, 139
1407, 0, 56799, 115
1408, 0, 56805, 130
1409, 0, 56222, 111
1410, 0, 56965, 122
1411, 0, 56674, 125
1412, 0, 56701, 126
1413, 0, 56631, 123
1414, 0, 56943, 142
1415, 0, 56370, 100
1416, 0, 57038, 124
1417, 0, 57297, 116
1418, 0, 56812, 126
1419, 0, 56594, 115
1420, 0, 56860, 128
1421, 0, 56498, 124
1422, 0, 56472, 126
1423, 0, 56447, 115
1424, 0, 56677, 123
1425, 0, 56712, 139
1426, 0, 57007, 134
1427, 0, 56936, 117
1428, 0, 56310, 121
1429, 0, 56733, 104
1430, 0, 56570, 129
1431, 0, 56632, 118
1433, 0, 56618, 147
1432, 0, 56650, 155
1434, 0, 56786, 138
1435, 0, 56811, 119
1436, 0, 56706, 122
1437, 0, 56544, 132
1438, 0, 56691, 130
1439, 0, 56915, 119
1440, 0, 57016, 107
1441, 0, 56856, 148
1442, 0, 56690, 122
1443, 0, 56668, 114
1444, 0, 56846, 105
1445, 0, 56982, 118
1446, 0, 56757, 126
1447, 0, 56995, 129
1448, 0, 56656, 121
1449, 0, 57029, 141
1450, 0, 56586, 126
1451, 0, 56736, 144
1452, 0, 56649, 122
1454, 0, 56436, 110
1453, 0, 56661, 124
1455, 0, 56596, 143
1456, 0, 56399, 116
1457, 0, 56884, 118
1458, 0, 56382, 128
1459, 0, 56597, 117
1460, 0, 56532, 123
1461, 0, 56519, 123
1462, 0, 56308, 122
1463, 0, 56667, 119
1464, 0, 56555, 111
1465, 0, 56853, 117
1466, 0, 56685, 140
1467, 0, 56653, 115
1468, 0, 56372, 151
1469, 0, 56817, 131
1470, 0, 56310, 125
1471, 0, 56694, 123
1472, 0, 56514, 115
1473, 0, 56774, 144
1474, 0, 56598, 127
1475, 0, 56633, 137
1476, 0, 56915, 134
1477, 0, 56340, 117
1478, 0, 56691, 109
1479, 0, 57033, 124
1480, 0, 56781, 134
1481, 0, 56296, 116
1482, 0, 56379, 121
1483, 0, 56426, 137
1484, 0, 56552, 131
1487, 0, 56676, 133
1486, 0, 56577, 150
1485, 0, 56253, 127
1488, 0, 57031, 129
1489, 0, 56841, 127
1490, 0, 56767, 141
1165, 0, 56755, 118
1492, 0, 56471, 124
1165, 0, 56755, 118
1491, 0, 56523, 122
1493, 0, 56569, 129
1491, 0, 56523, 122
1493, 0, 56569, 129
1491, 0, 56523, 122
1493, 0, 56569, 129
1491, 0, 56523, 122
1493, 0, 56569, 129
1491, 0, 56523, 122
1493, 0, 56569, 129
1491, 0, 56523, 122
1493, 0, 56569, 129
1491, 0, 56523, 122
1494, 0, 56581, 102
1495, 0, 56826, 132
1496, 0, 56889, 108
1497, 0, 56258, 129
1499, 0, 57024, 126
1498, 0, 56715, 159
1500, 0, 56877, 144
1501, 0, 57074, 105
1502, 0, 56347, 138
1503, 0, 56222, 125
1504, 0, 56406, 111
1505, 0, 56529, 124
1506, 0, 56117, 124
1507, 0, 56964, 134
1508, 0, 56567, 134
1509, 0, 56764, 127
1512, 0, 56466, 118
1511, 0, 56821, 111
1510, 0, 56310, 134
1513, 0, 56758, 130
1515, 0, 56925, 127
1514, 0, 56626, 140
1517, 0, 56751, 122
1519, 0, 56391, 122
1518, 0, 56699, 128
1516, 0, 56457, 131
1520, 0, 56474, 117
1521, 0, 56841, 150
1522, 0, 56690, 110
1523, 0, 56314, 125
1525, 0, 56364, 127
1524, 0, 56738, 113
1528, 0, 56314, 125
1527, 0, 56516, 137
1526, 0, 56696, 114
1529, 0, 56694, 132
1530, 0, 56544, 130
1531, 0, 56438, 124
1532, 0, 56558, 97
1533, 0, 56217, 126
1534, 0, 56860, 134
1535, 0, 56390, 145
1536, 0, 56736, 121
1537, 0, 57045, 118
1538, 0, 56532, 137
1539, 0, 56160, 118
1540, 0, 56782, 115
1541, 0, 56880, 116
1542, 0, 56317, 131
1543, 0, 56505, 117
1544, 0, 56990, 132
1545, 0, 57087, 112
1546, 0, 56955, 151
1547, 0, 56423, 125
1548, 0, 56690, 122
1549, 0, 56361, 131
1550, 0, 56621, 132
1552, 0, 56473, 126
1551, 0, 56578, 152
1553, 0, 56560, 110
1554, 0, 56558, 130
1555, 0, 56526, 124
1556, 0, 56743, 119
1557, 0, 56503, 107
1558, 0, 56795, 135
1559, 0, 56545, 117
1560, 0, 57055, 116
1561, 0, 56264, 115
1562, 0, 56629, 133
1564, 0, 56815, 107
1565, 0, 56219, 111
1563, 0, 56687, 109
1566, 0, 56625, 128
1567, 0, 56594, 133
1568, 0, 57059, 131
1569, 0, 56686, 101
1570, 0, 56139, 130
1571, 0, 56576, 119
1572, 0, 56874, 122
1573, 0, 56110, 130
1574, 0, 56622, 126
1575, 0, 56494, 121
1576, 0, 56645, 124
1577, 0, 56573, 113
1578, 0, 56878, 147
1579, 0, 56846, 124
1580, 0, 56657, 116
1581, 0, 56667, 132
1582, 0, 56829, 119
1584, 0, 56375, 125
1583, 0, 56569, 106
1585, 0, 56422, 113
1587, 0, 57255, 131
1586, 0, 56663, 126
1588, 0, 56418, 127
1589, 0, 56797, 108
1590, 0, 57087, 130
1591, 0, 56836, 145
1592, 0, 56806, 119
1593, 0, 57004, 113
1594, 0, 56684, 112
1595, 0, 56653, 111
1596, 0, 56504, 124
1597, 0, 56842, 122
1598, 0, 56530, 134
1599, 0, 57083, 110
1600, 0, 56556, 120
1601, 0, 56684, 104
1603, 0, 56490, 106
1602, 0, 56973, 123
1604, 0, 56910, 115
1605, 0, 56351, 108
1607, 0, 56771, 117
1606, 0, 56724, 149
1608, 0, 56751, 127
1609, 0, 56812, 142
1610, 0, 56472, 124
1611, 0, 56626, 123
1612, 0, 56666, 110
1613, 0, 56646, 119
1614, 0, 56867, 113
1615, 0, 57000, 118
1616, 0, 56393, 110
1617, 0, 56631, 133
1618, 0, 56791, 134
1619, 0, 56222, 128
1620, 0, 57156, 127
1621, 0, 56265, 105
1622, 0, 56250, 122
1623, 0, 56765, 122
1624, 0, 57330, 121
1627, 0, 56549, 100
1626, 0, 56448, 133
1625, 0, 56790, 136
1628, 0, 56556, 130
1630, 0, 56402, 102
1629, 0, 56263, 121
1631, 0, 56429, 114
1632, 0, 56447, 123
1633, 0, 56423, 120
1634, 0, 56381, 122
1635, 0, 56562, 125
1636, 0, 56173, 122
1639, 0, 56653, 115
1640, 0, 56840, 125
1638, 0, 56755, 118
1637, 0, 56804, 112
1641, 0, 56624, 147
1642, 0, 57207, 131
1643, 0, 56395, 125
1644, 0, 56480, 100
1645, 0, 56604, 117
1646, 0, 57048, 124
1647, 0, 56691, 123
1648, 0, 56562, 125
1649, 0, 57202, 131
1651, 0, 56700, 121
1650, 0, 56435, 126
1652, 0, 56884, 130
1653, 0, 57288, 134
1654, 0, 56395, 108
1655, 0, 56459, 120
1656, 0, 56555, 129
1657, 0, 56907, 124
1658, 0, 56837, 144
1659, 0, 56919, 147
1660, 0, 56773, 146
1661, 0, 56683, 110
1662, 0, 56496, 96
1663, 0, 56496, 106
1664, 0, 56593, 121
1665, 0, 56446, 117
1666, 0, 57110, 123
1667, 0, 56538, 115
1668, 0, 56661, 115
1669, 0, 56615, 120
1670, 0, 56575, 136
1671, 0, 56537, 121
1673, 0, 56520, 121
1672, 0, 56481, 112
1674, 0, 56503, 122
1675, 0, 56423, 142
1676, 0, 56895, 119
1677, 0, 56803, 122
1679, 0, 56971, 116
1678, 0, 56242, 130
1680, 0, 56809, 133
1681, 0, 56639, 123
1682, 0, 56523, 130
1683, 0, 56607, 108
1684, 0, 57003, 109
1685, 0, 57139, 122
1686, 0, 57196, 105
1687, 0, 56476, 132
1688, 0, 56999, 121
1689, 0, 56775, 144
1691, 0, 56938, 112
1690, 0, 56443, 125
1692, 0, 56533, 120
1693, 0, 56826, 136
1694, 0, 56288, 118
1695, 0, 56933, 118
1696, 0, 57036, 135
1697, 0, 57073, 126
1698, 0, 56536, 120
1699, 0, 56755, 153
1700, 0, 56553, 126
1702, 0, 56700, 138
1701, 0, 56542, 121
1703, 0, 56575, 120
1704, 0, 56109, 146
1705, 0, 57125, 123
1706, 0, 56465, 127
1707, 0, 56445, 111
1708, 0, 56674, 119
1710, 0, 56626, 131
1709, 0, 56784, 131
1711, 0, 56292, 121
1712, 0, 56938, 145
1714, 0, 56311, 135
1713, 0, 56522, 132
1715, 0, 56465, 123
1716, 0, 56518, 131
1717, 0, 56515, 119
1718, 0, 57124, 118
1720, 0, 56946, 147
1719, 0, 56667, 127
1721, 0, 56785, 108
1722, 0, 56823, 114
1723, 0, 56849, 123
1724, 0, 56643, 135
1725, 0, 56851, 109
1726, 0, 56452, 120
1727, 0, 56761, 143
1728, 0, 56736, 117
1729, 0, 56922, 113
1730, 0, 56413, 131
1731, 0, 56623, 121
1732, 0, 56913, 117
1733, 0, 56912, 125
1734, 0, 56636, 139
1735, 0, 56787, 132
1736, 0, 56686, 114
1737, 0, 56980, 142
1738, 0, 56583, 112
1739, 0, 56910, 118
1740, 0, 56450, 127
1741, 0, 56343, 124
1742, 0, 56973, 125
1744, 0, 56599, 135
1743, 0, 56469, 123
1746, 0, 56615, 131
1745, 0, 56567, 127
1747, 0, 57416, 107
1748, 0, 56938, 127
1749, 0, 56657, 118
1750, 0, 56571, 110
1751, 0, 56832, 130
1752, 0, 56829, 123
1753, 0, 56235, 125
1755, 0, 56641, 119
1756, 0, 56469, 144
1754, 0, 56631, 116
1757, 0, 56784, 136
1758, 0, 56749, 148
1759, 0, 56701, 113
1760, 0, 56889, 137
1761, 0, 56627, 131
1762, 0, 56780, 130
1764, 0, 56296, 135
1763, 0, 56681, 123
1765, 0, 56897, 151
1766, 0, 56555, 117
1767, 0, 56625, 156
1768, 0, 56947, 139
1769, 0, 56694, 114
1771, 0, 56638, 139
1770, 0, 57025, 135
1772, 0, 56816, 142
1773, 0, 56773, 127
1774, 0, 56668, 114
1775, 0, 56412, 133
1776, 0, 56572, 122
1777, 0, 56398, 135
1778, 0, 56677, 126
1779, 0, 56988, 136
1780, 0, 56355, 115
1781, 0, 56785, 126
1782, 0, 56739, 115
1783, 0, 56665, 127
1784, 0, 56337, 132
1785, 0, 56479, 119
1786, 0, 56928, 137
1787, 0, 56958, 126
1788, 0, 56771, 117
1789, 0, 56910, 139
1790, 0, 56669, 134
1791, 0, 56634, 132
1792, 0, 56224, 138
1793, 0, 56483, 111
1794, 0, 56760, 118
1795, 0, 56811, 119
1796, 0, 56439, 125
1797, 0, 56872, 136
1798, 0, 56771, 121
1799, 0, 56910, 117
1800, 0, 56870, 135
1801, 0, 56775, 140
1802, 0, 56848, 100
1803, 0, 56501, 139
1805, 0, 56469, 113
1804, 0, 56374, 119
1806, 0, 56326, 120
1807, 0, 56793, 115
1808, 0, 56432, 131
1809, 0, 56797, 137
1810, 0, 56382, 120
1811, 0, 56477, 118
1812, 0, 57013, 111
1813, 0, 56801, 113
1814, 0, 56498, 114
1815, 0, 56726, 138
1816, 0, 56500, 141
1817, 0, 56992, 125
1818, 0, 56979, 151
1819, 0, 56540, 131
1821, 0, 56483, 118
1820, 0, 56631, 125
1822, 0, 57150, 110
1823, 0, 56621, 115
1824, 0, 56390, 135
1825, 0, 56768, 127
1826, 0, 56563, 125
1827, 0, 56952, 111
1829, 0, 56650, 133
1828, 0, 56674, 140
1830, 0, 56791, 123
1831, 0, 56670, 133
1832, 0, 56776, 143
1833, 0, 56398, 137
1834, 0, 56543, 112
1835, 0, 56384, 122
1837, 0, 57384, 107
1836, 0, 56240, 126
1838, 0, 56740, 136
1839, 0, 56322, 124
1841, 0, 56223, 139
1840, 0, 56704, 138
1843, 0, 56590, 129
1842, 0, 56338, 125
1846, 0, 56641, 125
1845, 0, 56848, 123
1847, 0, 56540, 118
1844, 0, 56442, 122
1849, 0, 56684, 123
1848, 0, 56399, 150
1850, 0, 56794, 86
1852, 0, 56735, 142
1853, 0, 56500, 139
1851, 0, 56772, 107
1855, 0, 57049, 128
1854, 0, 56672, 131
1858, 0, 56475, 131
1859, 0, 56942, 118
1856, 0, 56616, 143
1857, 0, 56717, 133
1860, 0, 56737, 142
1862, 0, 56686, 129
1861, 0, 56701, 118
1864, 0, 56561, 121
1865, 0, 56867, 118
1870, 0, 56655, 116
1871, 0, 56584, 136
1869, 0, 56619, 127
1867, 0, 56331, 127
1863, 0, 56544, 124
1866, 0, 56710, 124
1868, 0, 56681, 143
1872, 0, 56203, 109
1875, 0, 56595, 122
1874, 0, 56732, 132
1873, 0, 57029, 125
1876, 0, 56945, 136
1877, 0, 56535, 129
1878, 0, 56592, 128
1879, 0, 56546, 135
1880, 0, 56704, 123
1881, 0, 56566, 128
1882, 0, 56852, 112
1883, 0, 56898, 133
1884, 0, 56877, 123
1885, 0, 55931, 143
1886, 0, 56890, 127
1888, 0, 56606, 121
1887, 0, 56807, 122
1889, 0, 56794, 131
1890, 0, 56776, 135
1891, 0, 56830, 111
1892, 0, 56535, 147
1893, 0, 56680, 135
1894, 0, 56568, 115
1895, 0, 56634, 111
1896, 0, 56798, 133
1897, 0, 57015, 136
1898, 0, 56672, 126
1899, 0, 56326, 126
1900, 0, 56679, 122
1901, 0, 56706, 137
1902, 0, 56563, 128
1903, 0, 56416, 141
1904, 0, 56522, 119
1905, 0, 57107, 116
1906, 0, 56611, 122
1907, 0, 56483, 110
1908, 0, 56850, 128
1909, 0, 56643, 127
1910, 0, 56696, 110
1911, 0, 56429, 129
1912, 0, 56798, 137
1913, 0, 56342, 135
1914, 0, 56708, 138
1915, 0, 56705, 120
1917, 0, 56623, 124
1916, 0, 56999, 121
1918, 0, 56176, 125
1919, 0, 56593, 121
1920, 0, 56880, 112
1921, 0, 56289, 122
1923, 0, 56591, 114
1922, 0, 56554, 123
1924, 0, 56426, 123
1925, 0, 56356, 128
1926, 0, 56797, 125
1927, 0, 56810, 110
1928, 0, 56273, 118
1930, 0, 56635, 129
1929, 0, 56654, 145
1931, 0, 56955, 133
1932, 0, 56551, 128
1933, 0, 56548, 146
1934, 0, 56852, 135
1935, 0, 57050, 125
1936, 0, 56569, 106
1937, 0, 56806, 130
1938, 0, 56551, 113
1939, 0, 56843, 138
1940, 0, 56736, 134
1942, 0, 56890, 120
1941, 0, 56945, 121
1943, 0, 56586, 133
1944, 0, 56699, 123
1945, 0, 56578, 123
1946, 0, 56633, 123
1947, 0, 56020, 128
1948, 0, 57117, 122
1949, 0, 56323, 138
1950, 0, 56832, 114
1951, 0, 56816, 131
1952, 0, 56501, 133
1953, 0, 56788, 137
1954, 0, 56800, 123
1955, 0, 56814, 118
1956, 0, 56869, 134
1957, 0, 56823, 133
1958, 0, 56389, 129
1959, 0, 56598, 123
1960, 0, 56893, 148
1961, 0, 56851, 120
1962, 0, 56608, 127
1963, 0, 56830, 135
1964, 0, 57187, 141
1965, 0, 56725, 124
1966, 0, 56488, 111
1967, 0, 56798, 112
1968, 0, 56595, 116
1969, 0, 56349, 124
1970, 0, 56756, 130
1971, 0, 56619, 128
1972, 0, 56774, 112
1973, 0, 56467, 118
1974, 0, 57013, 130
1975, 0, 56757, 130
1976, 0, 56700, 120
1977, 0, 56628, 140
1978, 0, 56619, 106
1979, 0, 56762, 150
1980, 0, 57198, 139
1981, 0, 56224, 117
1982, 0, 56295, 122
1983, 0, 57293, 133
1984, 0, 56633, 126
1985, 0, 56814, 100
1986, 0, 56800, 114
1987, 0, 56381, 107
1988, 0, 56302, 121
1989, 0, 56384, 144
1990, 0, 57327, 124
1991, 0, 56486, 123
1993, 0, 56782, 127
1992, 0, 56698, 130
1994, 0, 56537, 156
1995, 0, 56551, 112
1996, 0, 56639, 100
1997, 0, 57087, 125
1998, 0, 56645, 116
1999, 0, 56508, 116
